[
    {
        "pk": 1, 
        "model": "videos.video", 
        "fields": {
            "view_count": 0, 
            "writelock_owner": null, 
            "title": "", 
            "writelock_session_key": "", 
            "video_id": "Wmt4HZUZxd0v", 
            "is_subtitled": false, 
            "thumbnail": "", 
            "writelock_time": null, 
            "subtitles_fetched_count": 0, 
            "duration": null, 
            "allow_community_edits": false, 
            "was_subtitled": false, 
            "widget_views_count": 1, 
            "allow_video_urls_edit": true
        }
    },
    {
        "pk": 2, 
        "model": "videos.video", 
        "fields": {
            "view_count": 0, 
            "writelock_owner": null, 
            "title": "Shming swimming", 
            "writelock_session_key": "", 
            "video_id": "kHDYarpgL668", 
            "is_subtitled": false, 
            "thumbnail": "http://i.ytimg.com/vi/zXjPQYgT25Q/0.jpg", 
            "writelock_time": null, 
            "subtitles_fetched_count": 0, 
            "duration": 390, 
            "allow_community_edits": false, 
            "was_subtitled": false, 
            "widget_views_count": 0, 
            "allow_video_urls_edit": true
        }
    }, 
    {
        "pk": 3, 
        "model": "videos.video", 
        "fields": {
            "view_count": 0, 
            "writelock_owner": null, 
            "title": "Evil Hamster", 
            "writelock_session_key": "", 
            "video_id": "83GojX5SmnaI", 
            "is_subtitled": false, 
            "thumbnail": "http://i.ytimg.com/vi/Cf06WJQ4FnE/0.jpg", 
            "writelock_time": null, 
            "subtitles_fetched_count": 0, 
            "duration": 87, 
            "allow_community_edits": false, 
            "was_subtitled": false, 
            "widget_views_count": 0, 
            "allow_video_urls_edit": true
        }
    }, 
    {
        "pk": 4, 
        "model": "videos.video", 
        "fields": {
            "view_count": 0, 
            "writelock_owner": null, 
            "title": "\u041f\u0435\u0442\u0443\u0445 \u043e\u0442\u0436\u0438\u0433\u0430\u0435\u0442!!!", 
            "writelock_session_key": "", 
            "video_id": "HWkeYG7D5qqH", 
            "is_subtitled": false, 
            "thumbnail": "http://i.ytimg.com/vi/sXUeO3auRZg/0.jpg", 
            "writelock_time": null, 
            "subtitles_fetched_count": 0, 
            "duration": 59, 
            "allow_community_edits": false, 
            "was_subtitled": false, 
            "widget_views_count": 0, 
            "allow_video_urls_edit": true
        }
    },
    {
        "pk": 5, 
        "model": "videos.video", 
        "fields": {
            "view_count": 0, 
            "writelock_owner": null, 
            "title": "Cannes Lions 2008 - NON-BLINKING WOMAN", 
            "writelock_session_key": "", 
            "video_id": "HPpJ3jsqcmut", 
            "is_subtitled": false, 
            "thumbnail": "http://i.ytimg.com/vi/RbWECjHe_OQ/0.jpg", 
            "writelock_time": null, 
            "created": "2010-11-24 11:47:24", 
            "subtitles_fetched_count": 0, 
            "duration": 119, 
            "allow_community_edits": false, 
            "was_subtitled": false, 
            "widget_views_count": 1, 
            "allow_video_urls_edit": true
        }
    }, 
    {
        "pk": 6, 
        "model": "videos.video", 
        "fields": {
            "view_count": 0, 
            "writelock_owner": null, 
            "title": "\u041f\u0435\u0442\u0443\u0445 \u0436\u0436\u043e\u0442", 
            "writelock_session_key": "", 
            "video_id": "mKzjvZHgZ0xH", 
            "is_subtitled": false, 
            "thumbnail": "http://i.ytimg.com/vi/KttxRC7iOeU/0.jpg", 
            "writelock_time": null, 
            "created": "2010-11-24 11:49:12", 
            "subtitles_fetched_count": 0, 
            "duration": 12, 
            "allow_community_edits": false, 
            "was_subtitled": false, 
            "widget_views_count": 1, 
            "allow_video_urls_edit": true
        }
    },    
    {
        "pk": 2, 
        "model": "videos.videourl", 
        "fields": {
            "created": "2010-11-11 10:21:50", 
            "url": "http://www.youtube.com/watch?v=zXjPQYgT25Q", 
            "videoid": "zXjPQYgT25Q", 
            "primary": true, 
            "video": 2, 
            "type": "Y", 
            "original": true, 
            "added_by": null
        }
    }, 
    {
        "pk": 3, 
        "model": "videos.videourl", 
        "fields": {
            "created": "2010-11-11 10:24:40", 
            "url": "http://www.youtube.com/watch?v=Cf06WJQ4FnE", 
            "videoid": "Cf06WJQ4FnE", 
            "primary": true, 
            "video": 3, 
            "type": "Y", 
            "original": true, 
            "added_by": null
        }
    }, 
    {
        "pk": 4, 
        "model": "videos.videourl", 
        "fields": {
            "created": "2010-11-11 10:26:50", 
            "url": "http://www.youtube.com/watch?v=sXUeO3auRZg", 
            "videoid": "sXUeO3auRZg", 
            "primary": true, 
            "video": 4, 
            "type": "Y", 
            "original": true, 
            "added_by": null
        }
    }, 
    {
        "pk": 1, 
        "model": "videos.subtitlelanguage", 
        "fields": {
            "writelock_owner": null, 
            "language": "en", 
            "writelock_session_key": "", 
            "is_original": true, 
            "is_forked": false, 
            "writelock_time": null, 
            "had_version": false, 
            "video": 1, 
            "has_version": false
        }
    }, 
    {
        "pk": 2, 
        "model": "videos.subtitlelanguage", 
        "fields": {
            "writelock_owner": null, 
            "language": "ru", 
            "writelock_session_key": "", 
            "is_original": true, 
            "is_forked": false, 
            "writelock_time": null, 
            "had_version": false, 
            "video": 2, 
            "has_version": false
        }
    }, 
    {
        "pk": 3, 
        "model": "videos.subtitlelanguage", 
        "fields": {
            "writelock_owner": null, 
            "language": "en", 
            "writelock_session_key": "", 
            "is_original": false, 
            "is_forked": true, 
            "writelock_time": null, 
            "had_version": true, 
            "video": 2, 
            "has_version": true
        }
    }, 
    {
        "pk": 4, 
        "model": "videos.subtitlelanguage", 
        "fields": {
            "writelock_owner": null, 
            "language": "en", 
            "writelock_session_key": "", 
            "is_original": false, 
            "is_forked": true, 
            "writelock_time": null, 
            "had_version": true, 
            "video": 3, 
            "has_version": true
        }
    }, 
    {
        "pk": 5, 
        "model": "videos.subtitlelanguage", 
        "fields": {
            "writelock_owner": null, 
            "language": "", 
            "writelock_session_key": "", 
            "is_original": true, 
            "is_forked": false, 
            "writelock_time": null, 
            "had_version": false, 
            "video": 3, 
            "has_version": false
        }
    }, 
    {
        "pk": 6, 
        "model": "videos.subtitlelanguage", 
        "fields": {
            "writelock_owner": null, 
            "language": "", 
            "writelock_session_key": "", 
            "is_original": true, 
            "is_forked": false, 
            "writelock_time": null, 
            "had_version": false, 
            "video": 4, 
            "has_version": false
        }
    }, 
    {
        "pk": 7, 
        "model": "videos.subtitlelanguage", 
        "fields": {
            "writelock_owner": null, 
            "language": "en", 
            "writelock_session_key": "", 
            "is_original": false, 
            "is_forked": true, 
            "writelock_time": null, 
            "had_version": true, 
            "video": 4, 
            "has_version": true
        }
    },  
    {
        "pk": 8, 
        "model": "videos.subtitlelanguage", 
        "fields": {
            "writelock_owner": null, 
            "language": "", 
            "created": "2010-11-24 11:47:25", 
            "writelock_session_key": "", 
            "is_original": true, 
            "is_forked": false, 
            "writelock_time": null, 
            "had_version": false, 
            "video": 5, 
            "has_version": false, 
            "subtitles_fetched_count": 0
        }
    },      
    {
        "pk": 1, 
        "model": "videos.subtitleversion", 
        "fields": {
            "note": "Uploaded", 
            "notification_sent": false, 
            "language": 3, 
            "version_no": 0, 
            "is_forked": true, 
            "datetime_started": "2010-11-11 10:24:15", 
            "time_change": 1.0, 
            "text_change": 1.0, 
            "user": 9998
        }
    }, 
    {
        "pk": 2, 
        "model": "videos.subtitleversion", 
        "fields": {
            "note": "From youtube", 
            "notification_sent": false, 
            "language": 4, 
            "version_no": 0, 
            "is_forked": true, 
            "datetime_started": "2010-11-11 10:24:40", 
            "time_change": null, 
            "text_change": null, 
            "user": 10000
        }
    }, 
    {
        "pk": 3, 
        "model": "videos.subtitleversion", 
        "fields": {
            "note": "Uploaded", 
            "notification_sent": false, 
            "language": 7, 
            "version_no": 0, 
            "is_forked": true, 
            "datetime_started": "2010-11-11 10:27:32", 
            "time_change": 1.0, 
            "text_change": 1.0, 
            "user": 9998
        }
    }, 
    {
        "pk": 1, 
        "model": "videos.videourl", 
        "fields": {
            "created": "2010-11-11 10:20:56", 
            "url": "http://blip.tv/file/get/Miropcf-AboutUniversalSubtitles847.ogv", 
            "videoid": "", 
            "primary": true, 
            "video": 1, 
            "type": "H", 
            "original": true, 
            "added_by": null
        }
    }, 
    {
        "pk": 2, 
        "model": "videos.videourl", 
        "fields": {
            "created": "2010-11-11 10:21:50", 
            "url": "http://www.youtube.com/watch?v=zXjPQYgT25Q", 
            "videoid": "zXjPQYgT25Q", 
            "primary": true, 
            "video": 2, 
            "type": "Y", 
            "original": true, 
            "added_by": null
        }
    }, 
    {
        "pk": 3, 
        "model": "videos.videourl", 
        "fields": {
            "created": "2010-11-11 10:24:40", 
            "url": "http://www.youtube.com/watch?v=Cf06WJQ4FnE", 
            "videoid": "Cf06WJQ4FnE", 
            "primary": true, 
            "video": 3, 
            "type": "Y", 
            "original": true, 
            "added_by": null
        }
    }, 
    {
        "pk": 4, 
        "model": "videos.videourl", 
        "fields": {
            "created": "2010-11-11 10:26:50", 
            "url": "http://www.youtube.com/watch?v=sXUeO3auRZg", 
            "videoid": "sXUeO3auRZg", 
            "primary": true, 
            "video": 4, 
            "type": "Y", 
            "original": true, 
            "added_by": null
        }
    }, 
    {
        "pk": 1, 
        "model": "videos.subtitle", 
        "fields": {
            "subtitle_id": "8185044005013", 
            "start_time": null, 
            "subtitle_text": "some subtitle", 
            "subtitle_order": 1.0, 
            "version": 1, 
            "draft": null, 
            "end_time": null
        }
    }, 
    {
        "pk": 3, 
        "model": "videos.subtitle", 
        "fields": {
            "subtitle_id": "6772004861333", 
            "start_time": 0.0, 
            "subtitle_text": "Alright, I'm filming", 
            "subtitle_order": 1.0, 
            "version": 2, 
            "draft": null, 
            "end_time": 1.0
        }
    }, 
    {
        "pk": 39, 
        "model": "videos.subtitle", 
        "fields": {
            "subtitle_id": "8482098475344", 
            "start_time": null, 
            "subtitle_text": "amazing anilmas", 
            "subtitle_order": 1.0, 
            "version": 3, 
            "draft": null, 
            "end_time": null
        }
    }, 
    {
        "pk": 2, 
        "model": "videos.subtitle", 
        "fields": {
            "subtitle_id": "2319078570280", 
            "start_time": null, 
            "subtitle_text": "because video will be invisible", 
            "subtitle_order": 2.0, 
            "version": 1, 
            "draft": null, 
            "end_time": null
        }
    }, 
    {
        "pk": 4, 
        "model": "videos.subtitle", 
        "fields": {
            "subtitle_id": "8390003312302", 
            "start_time": 3.101, 
            "subtitle_text": "Pay attention, he bites", 
            "subtitle_order": 2.0, 
            "version": 2, 
            "draft": null, 
            "end_time": 4.9009999999999998
        }
    }, 
    {
        "pk": 5, 
        "model": "videos.subtitle", 
        "fields": {
            "subtitle_id": "6857840349224", 
            "start_time": 5.0019999999999998, 
            "subtitle_text": "Fu*k, he torn my hand to the blood", 
            "subtitle_order": 3.0, 
            "version": 2, 
            "draft": null, 
            "end_time": 6.3019999999999996
        }
    }, 
    {
        "pk": 6, 
        "model": "videos.subtitle", 
        "fields": {
            "subtitle_id": "42157856925", 
            "start_time": 6.3029999999999999, 
            "subtitle_text": "Maybe he is fu*ked, or what?", 
            "subtitle_order": 4.0, 
            "version": 2, 
            "draft": null, 
            "end_time": 7.3029999999999999
        }
    }, 
    {
        "pk": 7, 
        "model": "videos.subtitle", 
        "fields": {
            "subtitle_id": "2497517262641", 
            "start_time": 7.3040000000000003, 
            "subtitle_text": "he is fu*ked, he is biting", 
            "subtitle_order": 5.0, 
            "version": 2, 
            "draft": null, 
            "end_time": 8.7040000000000006
        }
    }, 
    {
        "pk": 8, 
        "model": "videos.subtitle", 
        "fields": {
            "subtitle_id": "9356400186433", 
            "start_time": 9.0050000000000008, 
            "subtitle_text": "carefully, he is fu*king wild", 
            "subtitle_order": 6.0, 
            "version": 2, 
            "draft": null, 
            "end_time": 12.205
        }
    }, 
    {
        "pk": 9, 
        "model": "videos.subtitle", 
        "fields": {
            "subtitle_id": "3241393217755", 
            "start_time": 12.106, 
            "subtitle_text": "you're not a child", 
            "subtitle_order": 7.0, 
            "version": 2, 
            "draft": null, 
            "end_time": 13.106
        }
    }, 
    {
        "pk": 10, 
        "model": "videos.subtitle", 
        "fields": {
            "subtitle_id": "336739495435", 
            "start_time": 13.007, 
            "subtitle_text": "Look, he torn my hand", 
            "subtitle_order": 8.0, 
            "version": 2, 
            "draft": null, 
            "end_time": 15.007
        }
    }, 
    {
        "pk": 11, 
        "model": "videos.subtitle", 
        "fields": {
            "subtitle_id": "8903356187832", 
            "start_time": 16.908000000000001, 
            "subtitle_text": "Fu*k, watch how creepy he is", 
            "subtitle_order": 9.0, 
            "version": 2, 
            "draft": null, 
            "end_time": 19.707999999999998
        }
    }, 
    {
        "pk": 12, 
        "model": "videos.subtitle", 
        "fields": {
            "subtitle_id": "662402989421", 
            "start_time": 19.009, 
            "subtitle_text": "film from a distance", 
            "subtitle_order": 10.0, 
            "version": 2, 
            "draft": null, 
            "end_time": 20.908999999999999
        }
    }, 
    {
        "pk": 13, 
        "model": "videos.subtitle", 
        "fields": {
            "subtitle_id": "5424412852249", 
            "start_time": 21.109000000000002, 
            "subtitle_text": "carefully, he can seize", 
            "subtitle_order": 11.0, 
            "version": 2, 
            "draft": null, 
            "end_time": 23.009
        }
    }, 
    {
        "pk": 14, 
        "model": "videos.subtitle", 
        "fields": {
            "subtitle_id": "1144693513569", 
            "start_time": 24.010000000000002, 
            "subtitle_text": "don't take him", 
            "subtitle_order": 12.0, 
            "version": 2, 
            "draft": null, 
            "end_time": 25.210000000000001
        }
    }, 
    {
        "pk": 15, 
        "model": "videos.subtitle", 
        "fields": {
            "subtitle_id": "2381720533141", 
            "start_time": 25.111000000000001, 
            "subtitle_text": "I'm not intending", 
            "subtitle_order": 13.0, 
            "version": 2, 
            "draft": null, 
            "end_time": 26.510999999999999
        }
    }, 
    {
        "pk": 16, 
        "model": "videos.subtitle", 
        "fields": {
            "subtitle_id": "5542887709831", 
            "start_time": 26.512, 
            "subtitle_text": "fu*k he is wild", 
            "subtitle_order": 14.0, 
            "version": 2, 
            "draft": null, 
            "end_time": 27.512
        }
    }, 
    {
        "pk": 17, 
        "model": "videos.subtitle", 
        "fields": {
            "subtitle_id": "221198168150", 
            "start_time": 27.611999999999998, 
            "subtitle_text": "I'll have a heart attack, fu*k", 
            "subtitle_order": 15.0, 
            "version": 2, 
            "draft": null, 
            "end_time": 30.012
        }
    }, 
    {
        "pk": 18, 
        "model": "videos.subtitle", 
        "fields": {
            "subtitle_id": "2391151913505", 
            "start_time": 29.312999999999999, 
            "subtitle_text": "fu*k", 
            "subtitle_order": 16.0, 
            "version": 2, 
            "draft": null, 
            "end_time": 30.613
        }
    }, 
    {
        "pk": 19, 
        "model": "videos.subtitle", 
        "fields": {
            "subtitle_id": "7299806433134", 
            "start_time": 30.213999999999999, 
            "subtitle_text": "Alright, lets go now", 
            "subtitle_order": 17.0, 
            "version": 2, 
            "draft": null, 
            "end_time": 31.713999999999999
        }
    }, 
    {
        "pk": 20, 
        "model": "videos.subtitle", 
        "fields": {
            "subtitle_id": "7721165632397", 
            "start_time": 31.215, 
            "subtitle_text": "He's gnawing the shoes", 
            "subtitle_order": 18.0, 
            "version": 2, 
            "draft": null, 
            "end_time": 33.414999999999999
        }
    }, 
    {
        "pk": 21, 
        "model": "videos.subtitle", 
        "fields": {
            "subtitle_id": "3584020541180", 
            "start_time": 36.015999999999998, 
            "subtitle_text": "Bit*h, on what di*k your eating this, fu*k, it's not tasty", 
            "subtitle_order": 19.0, 
            "version": 2, 
            "draft": null, 
            "end_time": 39.415999999999997
        }
    }, 
    {
        "pk": 22, 
        "model": "videos.subtitle", 
        "fields": {
            "subtitle_id": "6621060292542", 
            "start_time": 43.216999999999999, 
            "subtitle_text": "Kirija I'm telling you, he is fu*king wild", 
            "subtitle_order": 20.0, 
            "version": 2, 
            "draft": null, 
            "end_time": 45.517000000000003
        }
    }, 
    {
        "pk": 23, 
        "model": "videos.subtitle", 
        "fields": {
            "subtitle_id": "3390734211910", 
            "start_time": 48.017000000000003, 
            "subtitle_text": "Release him, Ljoha, release him, to run free", 
            "subtitle_order": 21.0, 
            "version": 2, 
            "draft": null, 
            "end_time": 51.017000000000003
        }
    }, 
    {
        "pk": 24, 
        "model": "videos.subtitle", 
        "fields": {
            "subtitle_id": "2456872619774", 
            "start_time": 51.018000000000001, 
            "subtitle_text": "Probably squeezed to much, he can't go", 
            "subtitle_order": 22.0, 
            "version": 2, 
            "draft": null, 
            "end_time": 54.118000000000002
        }
    }, 
    {
        "pk": 25, 
        "model": "videos.subtitle", 
        "fields": {
            "subtitle_id": "219840366315", 
            "start_time": 54.119, 
            "subtitle_text": "Fu*k he can't, he is running, look he torn my hand to a blood, fu*k him.", 
            "subtitle_order": 23.0, 
            "version": 2, 
            "draft": null, 
            "end_time": 58.719000000000001
        }
    }, 
    {
        "pk": 26, 
        "model": "videos.subtitle", 
        "fields": {
            "subtitle_id": "2514801953640", 
            "start_time": 59.020000000000003, 
            "subtitle_text": "Waaaahh.... fu*king, bit*h", 
            "subtitle_order": 24.0, 
            "version": 2, 
            "draft": null, 
            "end_time": 60.119999999999997
        }
    }, 
    {
        "pk": 27, 
        "model": "videos.subtitle", 
        "fields": {
            "subtitle_id": "9682841689626", 
            "start_time": 61.220999999999997, 
            "subtitle_text": "let's go Roma", 
            "subtitle_order": 25.0, 
            "version": 2, 
            "draft": null, 
            "end_time": 62.920999999999999
        }
    }, 
    {
        "pk": 28, 
        "model": "videos.subtitle", 
        "fields": {
            "subtitle_id": "9382584102499", 
            "start_time": 62.521999999999998, 
            "subtitle_text": "Wait a minute", 
            "subtitle_order": 26.0, 
            "version": 2, 
            "draft": null, 
            "end_time": 63.822000000000003
        }
    }, 
    {
        "pk": 29, 
        "model": "videos.subtitle", 
        "fields": {
            "subtitle_id": "1245987456637", 
            "start_time": 63.023000000000003, 
            "subtitle_text": "Somebody can smash him on the road", 
            "subtitle_order": 27.0, 
            "version": 2, 
            "draft": null, 
            "end_time": 64.822999999999993
        }
    }, 
    {
        "pk": 30, 
        "model": "videos.subtitle", 
        "fields": {
            "subtitle_id": "747667298700", 
            "start_time": 65.424000000000007, 
            "subtitle_text": "Lets take him.... to the forest", 
            "subtitle_order": 28.0, 
            "version": 2, 
            "draft": null, 
            "end_time": 66.823999999999998
        }
    }, 
    {
        "pk": 31, 
        "model": "videos.subtitle", 
        "fields": {
            "subtitle_id": "4643847360474", 
            "start_time": 67.926000000000002, 
            "subtitle_text": "Fu*k blood is leaking", 
            "subtitle_order": 29.0, 
            "version": 2, 
            "draft": null, 
            "end_time": 69.225999999999999
        }
    }, 
    {
        "pk": 32, 
        "model": "videos.subtitle", 
        "fields": {
            "subtitle_id": "1317123178014", 
            "start_time": 68.826999999999998, 
            "subtitle_text": "Hamster buddy, what is your problem?", 
            "subtitle_order": 30.0, 
            "version": 2, 
            "draft": null, 
            "end_time": 71.427000000000007
        }
    }, 
    {
        "pk": 33, 
        "model": "videos.subtitle", 
        "fields": {
            "subtitle_id": "4909224586317", 
            "start_time": 70.128, 
            "subtitle_text": "fu*k, not buddy", 
            "subtitle_order": 31.0, 
            "version": 2, 
            "draft": null, 
            "end_time": 72.528000000000006
        }
    }, 
    {
        "pk": 34, 
        "model": "videos.subtitle", 
        "fields": {
            "subtitle_id": "8004774642668", 
            "start_time": 71.927999999999997, 
            "subtitle_text": "Kirja fu*k, be afraid, don't pick him", 
            "subtitle_order": 32.0, 
            "version": 2, 
            "draft": null, 
            "end_time": 75.028000000000006
        }
    }, 
    {
        "pk": 35, 
        "model": "videos.subtitle", 
        "fields": {
            "subtitle_id": "3046073335933", 
            "start_time": 74.429000000000002, 
            "subtitle_text": "Ok, ok", 
            "subtitle_order": 33.0, 
            "version": 2, 
            "draft": null, 
            "end_time": 75.528999999999996
        }
    }, 
    {
        "pk": 36, 
        "model": "videos.subtitle", 
        "fields": {
            "subtitle_id": "7048041749455", 
            "start_time": 77.129999999999995, 
            "subtitle_text": "Kirja don't take him, look he's shaking", 
            "subtitle_order": 34.0, 
            "version": 2, 
            "draft": null, 
            "end_time": 79.129999999999995
        }
    }, 
    {
        "pk": 37, 
        "model": "videos.subtitle", 
        "fields": {
            "subtitle_id": "4385981010732", 
            "start_time": 81.531000000000006, 
            "subtitle_text": "Throw him here, to the bush", 
            "subtitle_order": 35.0, 
            "version": 2, 
            "draft": null, 
            "end_time": 84.531000000000006
        }
    }, 
    {
        "pk": 38, 
        "model": "videos.subtitle", 
        "fields": {
            "subtitle_id": "1301007947251", 
            "start_time": 85.031999999999996, 
            "subtitle_text": "Alright hamster - goodbye.", 
            "subtitle_order": 36.0, 
            "version": 2, 
            "draft": null, 
            "end_time": 86.132000000000005
        }
    },
    {
        "pk": 2, 
        "model": "comments.comment", 
        "fields": {
            "submit_date": "2010-11-24 12:10:19", 
            "object_pk": "6", 
            "content": "sdfsdf", 
            "user": 9998, 
            "content_type": 19, 
            "reply_to": null
        }
    }, 
    {
        "pk": 1, 
        "model": "comments.comment", 
        "fields": {
            "submit_date": "2010-11-24 12:10:03", 
            "object_pk": "6", 
            "content": "sdfsdf", 
            "user": 9998, 
            "content_type": 19, 
            "reply_to": null
        }
    },    
    {
        "pk": 12, 
        "model": "videos.action", 
        "fields": {
            "comment": 2, 
            "language": null, 
            "created": "2010-11-24 12:10:19", 
            "new_video_title": "", 
            "video": 6, 
            "user": 9998, 
            "action_type": 3
        }
    }, 
    {
        "pk": 11, 
        "model": "videos.action", 
        "fields": {
            "comment": 1, 
            "language": null, 
            "created": "2010-11-24 12:10:03", 
            "new_video_title": "", 
            "video": 6, 
            "user": 9998, 
            "action_type": 3
        }
    }       
]